customer_id,age,gender,city,signup_date
C0001,56,Female,Multan,2023-03-10
C0002,46,Male,Lahore,2025-01-20
C0003,32,Male,Multan,2026-03-17
C0004,60,Female,Rawalpindi,2026-06-21
C0005,25,Female,Karachi,2025-08-15
C0006,38,Male,Karachi,2023-12-31
C0007,56,Female,Faisalabad,2024-04-26
C0008,36,Female,Rawalpindi,2023-07-20
C0009,40,Male,Karachi,2023-06-03
C0010,28,Female,Rawalpindi,2023-03-14
C0011,28,Male,Lahore,2024-12-13
C0012,41,Male,Islamabad,2023-10-23
C0013,53,Male,Karachi,2025-11-06
C0014,57,Male,Faisalabad,2026-05-25
C0015,41,Male,Lahore,2023-03-02
C0016,20,Male,Rawalpindi,2025-07-27
C0017,39,Male,Multan,2023-02-11
C0018,19,Female,Lahore,2023-01-25
C0019,41,Male,Karachi,2025-11-28
C0020,47,Male,Rawalpindi,2023-05-11
C0021,55,Female,Islamabad,2026-06-06
C0022,19,Female,Lahore,2023-04-18
C0023,38,Female,Karachi,2023-06-21
C0024,50,Male,Faisalabad,2023-04-12
C0025,29,Female,Multan,2025-05-15
C0026,39,Male,Rawalpindi,2024-06-07
C0027,42,Male,Lahore,2023-10-02
C0028,44,Male,Lahore,2025-12-03
C0029,59,Male,Islamabad,2025-03-27
C0030,45,Female,Islamabad,2025-08-14
C0031,33,Female,Faisalabad,2025-11-06
C0032,32,Male,Multan,2023-11-26
C0033,20,Male,Faisalabad,2023-01-12
C0034,54,Male,Karachi,2023-08-04
C0035,24,Female,Karachi,2023-12-05
C0036,38,Male,Faisalabad,2024-10-22
C0037,26,Male,Multan,2026-01-09
C0038,56,Female,Faisalabad,2024-01-09
C0039,35,Female,Multan,2025-09-02
C0040,21,Male,Multan,2024-12-10
C0041,42,Female,Rawalpindi,2026-05-08
C0042,31,Female,Multan,2024-04-10
C0043,26,Male,Islamabad,2026-01-17
C0044,43,Female,Multan,2024-05-03
C0045,19,Male,Multan,2023-02-16
C0046,37,Female,Multan,2025-02-16
C0047,45,Male,Karachi,2025-11-05
C0048,24,Male,Islamabad,2024-12-11
C0049,25,Male,Islamabad,2024-02-05
C0050,52,Female,Faisalabad,2025-09-07
C0051,31,Male,Rawalpindi,2026-01-14
C0052,34,Female,Multan,2023-09-07
C0053,53,Male,Lahore,2024-01-26
C0054,57,Male,Rawalpindi,2023-12-01
C0055,21,Female,Rawalpindi,2024-09-20
C0056,19,Male,Islamabad,2023-05-17
C0057,23,Male,Rawalpindi,2025-06-01
C0058,59,Female,Multan,2024-11-18
C0059,21,Male,Multan,2025-04-06
C0060,46,Male,Karachi,2024-12-27
C0061,35,Male,Multan,2024-08-16
C0062,43,Male,Multan,2026-05-31
C0063,51,Female,Islamabad,2025-09-16
C0064,27,Female,Multan,2024-01-07
C0065,53,Male,Karachi,2025-07-23
C0066,31,Female,Lahore,2025-09-21
C0067,48,Male,Islamabad,2024-02-06
C0068,32,Female,Lahore,2024-09-06
C0069,25,Male,Islamabad,2026-03-28
C0070,31,Male,Faisalabad,2026-03-21
C0071,40,Male,Rawalpindi,2025-09-21
C0072,57,Male,Faisalabad,2024-09-11
C0073,38,Male,Multan,2023-07-07
C0074,33,Male,Lahore,2026-01-26
C0075,35,Female,Multan,2023-05-11
C0076,41,Male,Rawalpindi,2025-03-15
C0077,43,Female,Islamabad,2026-04-09
C0078,42,Male,Rawalpindi,2025-07-24
C0079,58,Female,Karachi,2025-09-12
C0080,46,Female,Rawalpindi,2023-07-02
C0081,32,Female,Karachi,2025-09-09
C0082,18,Male,Rawalpindi,2023-12-30
C0083,42,Male,Karachi,2023-02-08
C0084,24,Female,Lahore,2024-05-11
C0085,26,Male,Multan,2025-09-08
C0086,41,Female,Multan,2025-07-09
C0087,18,Male,Faisalabad,2024-12-22
C0088,25,Female,Multan,2026-03-30
C0089,41,Female,Islamabad,2023-01-16
C0090,28,Male,Rawalpindi,2024-05-07
C0091,34,Female,Faisalabad,2026-02-05
C0092,25,Male,Islamabad,2025-06-12
C0093,52,Female,Islamabad,2023-11-07
C0094,52,Female,Karachi,2025-01-08
C0095,50,Male,Multan,2026-04-08
C0096,22,Male,Lahore,2024-06-29
C0097,59,Male,Lahore,2024-02-18
C0098,56,Female,Faisalabad,2023-09-08
C0099,58,Male,Lahore,2025-01-28
C0100,45,Female,Rawalpindi,2026-03-10
C0101,24,Female,Lahore,2025-11-28
C0102,26,Male,Faisalabad,2025-03-24
C0103,25,Male,Lahore,2023-01-29
C0104,29,Female,Rawalpindi,2025-08-15
C0105,51,Female,Karachi,2024-04-21
C0106,50,Male,Faisalabad,2023-11-14
C0107,40,Male,Karachi,2023-09-02
C0108,41,Male,Karachi,2025-01-17
C0109,54,Male,Karachi,2024-11-27
C0110,52,Male,Islamabad,2023-09-29
C0111,57,Female,Multan,2026-06-16
C0112,39,Female,Islamabad,2024-01-12
C0113,44,Female,Multan,2023-09-23
C0114,52,Female,Karachi,2025-07-14
C0115,18,Male,Faisalabad,2025-07-09
C0116,52,Male,Multan,2023-12-06
C0117,54,Male,Rawalpindi,2024-01-24
C0118,31,Female,Rawalpindi,2024-07-30
C0119,20,Female,Lahore,2023-01-03
C0120,18,Male,Multan,2026-03-11
C0121,22,Male,Faisalabad,2024-01-11
C0122,43,Female,Islamabad,2023-11-20
C0123,31,Female,Karachi,2023-05-26
C0124,56,Male,Lahore,2023-10-20
C0125,44,Male,Rawalpindi,2024-03-07
C0126,26,Female,Islamabad,2024-12-05
C0127,32,Male,Islamabad,2025-08-06
C0128,32,Male,Karachi,2024-08-07
C0129,43,Male,Multan,2024-02-03
C0130,59,Female,Rawalpindi,2025-03-27
C0131,30,Female,Faisalabad,2025-08-21
C0132,49,Female,Islamabad,2026-03-09
C0133,56,Female,Karachi,2023-07-06
C0134,49,Female,Faisalabad,2023-03-02
C0135,21,Female,Multan,2025-07-27
C0136,47,Female,Rawalpindi,2024-12-10
C0137,54,Male,Multan,2025-03-17
C0138,40,Male,Islamabad,2023-01-11
C0139,56,Male,Faisalabad,2025-12-21
C0140,32,Male,Faisalabad,2023-08-14
C0141,60,Male,Faisalabad,2026-03-22
C0142,46,Male,Islamabad,2024-07-17
C0143,53,Male,Islamabad,2025-02-10
C0144,30,Female,Multan,2025-06-03
C0145,49,Female,Lahore,2026-06-20
C0146,24,Male,Multan,2026-02-04
C0147,39,Male,Rawalpindi,2023-08-14
C0148,45,Female,Karachi,2025-04-04
C0149,19,Male,Faisalabad,2023-08-06
C0150,59,Male,Lahore,2025-07-25
C0151,23,Female,Karachi,2025-01-22
C0152,45,Male,Lahore,2024-05-20
C0153,45,Female,Multan,2023-09-16
C0154,37,Male,Islamabad,2023-02-23
C0155,47,Female,Faisalabad,2025-12-06
C0156,28,Female,Multan,2024-12-27
C0157,45,Female,Karachi,2024-11-19
C0158,42,Male,Karachi,2026-01-27
C0159,56,Female,Karachi,2025-11-09
C0160,50,Male,Karachi,2024-02-23
C0161,18,Male,Karachi,2024-11-20
C0162,44,Male,Lahore,2025-04-29
C0163,30,Male,Multan,2023-03-03
C0164,58,Female,Faisalabad,2026-03-14
C0165,20,Female,Islamabad,2023-08-04
C0166,56,Male,Islamabad,2023-01-03
C0167,23,Male,Multan,2023-06-09
C0168,25,Female,Multan,2025-02-19
C0169,44,Male,Islamabad,2026-02-17
C0170,26,Female,Islamabad,2025-06-11
C0171,54,Male,Lahore,2026-01-17
C0172,50,Male,Rawalpindi,2023-11-25
C0173,59,Female,Faisalabad,2024-08-02
C0174,41,Male,Karachi,2025-08-09
C0175,32,Female,Rawalpindi,2024-09-26
C0176,49,Male,Multan,2025-09-14
C0177,49,Male,Islamabad,2026-05-03
C0178,41,Male,Rawalpindi,2025-07-09
C0179,58,Female,Faisalabad,2025-01-07
C0180,29,Male,Multan,2023-06-19
C0181,56,Male,Karachi,2024-06-04
C0182,19,Male,Karachi,2023-02-09
C0183,20,Male,Faisalabad,2025-08-12
C0184,54,Female,Faisalabad,2026-06-03
C0185,34,Female,Islamabad,2025-09-10
C0186,19,Male,Karachi,2026-02-21
C0187,19,Female,Multan,2025-09-01
C0188,45,Male,Rawalpindi,2023-02-07
C0189,40,Male,Multan,2023-11-24
C0190,54,Male,Lahore,2026-06-28
C0191,49,Female,Lahore,2026-04-14
C0192,50,Female,Faisalabad,2025-07-02
C0193,18,Female,Islamabad,2024-03-29
C0194,36,Female,Lahore,2023-02-06
C0195,19,Female,Karachi,2025-08-30
C0196,43,Female,Multan,2025-03-06
C0197,49,Female,Multan,2025-08-30
C0198,23,Female,Faisalabad,2024-08-15
C0199,49,Female,Rawalpindi,2026-02-11
C0200,21,Male,Faisalabad,2025-11-29
C0201,28,Female,Rawalpindi,2023-08-12
C0202,34,Female,Faisalabad,2023-11-14
C0203,55,Female,Faisalabad,2023-12-15
C0204,41,Female,Faisalabad,2023-04-25
C0205,22,Female,Rawalpindi,2024-11-28
C0206,51,Female,Rawalpindi,2025-11-29
C0207,23,Female,Faisalabad,2023-02-09
C0208,39,Female,Lahore,2023-08-04
C0209,28,Female,Islamabad,2026-03-16
C0210,33,Female,Islamabad,2023-12-02
C0211,50,Female,Islamabad,2026-04-06
C0212,26,Male,Rawalpindi,2023-04-02
C0213,23,Male,Rawalpindi,2023-12-19
C0214,33,Female,Lahore,2024-07-24
C0215,46,Female,Islamabad,2025-03-26
C0216,20,Male,Islamabad,2025-02-19
C0217,37,Female,Faisalabad,2023-12-29
C0218,53,Male,Rawalpindi,2024-07-10
C0219,36,Male,Islamabad,2026-04-08
C0220,43,Male,Multan,2023-12-22
C0221,20,Male,Lahore,2023-07-10
C0222,36,Male,Multan,2024-02-26
C0223,37,Female,Multan,2024-11-30
C0224,49,Male,Lahore,2023-01-07
C0225,24,Female,Multan,2023-05-13
C0226,58,Female,Islamabad,2024-07-10
C0227,50,Male,Rawalpindi,2025-04-05
C0228,57,Male,Lahore,2025-01-30
C0229,56,Female,Faisalabad,2025-11-20
C0230,35,Male,Multan,2024-06-18
C0231,57,Male,Lahore,2024-03-01
C0232,18,Female,Karachi,2024-11-02
C0233,28,Female,Karachi,2023-12-29
C0234,45,Male,Rawalpindi,2023-03-23
C0235,42,Female,Islamabad,2023-12-22
C0236,40,Male,Rawalpindi,2024-08-11
C0237,48,Male,Rawalpindi,2023-10-22
C0238,47,Male,Rawalpindi,2026-06-01
C0239,59,Female,Rawalpindi,2025-12-05
C0240,52,Female,Faisalabad,2026-02-10
C0241,24,Female,Faisalabad,2026-06-10
C0242,33,Female,Lahore,2023-01-17
C0243,43,Female,Karachi,2023-12-26
C0244,19,Male,Rawalpindi,2026-05-31
C0245,18,Male,Lahore,2025-05-15
C0246,29,Male,Karachi,2024-11-30
C0247,22,Male,Multan,2024-03-23
C0248,54,Female,Islamabad,2025-05-05
C0249,49,Male,Faisalabad,2023-12-31
C0250,26,Female,Multan,2024-11-05
C0251,58,Male,Karachi,2025-10-04
C0252,52,Female,Multan,2024-04-11
C0253,36,Female,Islamabad,2024-02-18
C0254,33,Male,Karachi,2024-08-08
C0255,20,Male,Multan,2026-06-10
C0256,37,Male,Faisalabad,2026-06-01
C0257,41,Male,Faisalabad,2025-09-20
C0258,50,Female,Lahore,2024-07-25
C0259,41,Male,Multan,2023-12-01
C0260,28,Male,Rawalpindi,2026-05-30
C0261,25,Female,Multan,2023-02-06
C0262,53,Male,Karachi,2025-09-15
C0263,55,Male,Karachi,2023-10-05
C0264,57,Male,Multan,2026-05-04
C0265,37,Male,Islamabad,2025-07-04
C0266,52,Male,Faisalabad,2024-04-28
C0267,42,Female,Karachi,2026-06-19
C0268,52,Male,Faisalabad,2024-12-31
C0269,42,Male,Karachi,2023-07-11
C0270,46,Male,Lahore,2025-11-06
C0271,35,Male,Rawalpindi,2024-06-07
C0272,35,Male,Karachi,2025-07-06
C0273,19,Female,Faisalabad,2024-02-05
C0274,52,Male,Lahore,2025-06-04
C0275,33,Female,Karachi,2024-12-05
C0276,58,Female,Islamabad,2023-01-22
C0277,53,Male,Rawalpindi,2024-04-18
C0278,50,Male,Karachi,2026-02-17
C0279,21,Male,Lahore,2023-07-29
C0280,50,Male,Islamabad,2023-11-02
C0281,31,Female,Multan,2024-12-04
C0282,38,Male,Lahore,2024-11-17
C0283,37,Male,Lahore,2023-10-12
C0284,25,Male,Islamabad,2024-12-16
C0285,24,Male,Lahore,2025-02-01
C0286,20,Male,Islamabad,2026-06-04
C0287,34,Male,Karachi,2025-08-05
C0288,50,Female,Islamabad,2024-01-16
C0289,29,Female,Islamabad,2024-04-04
C0290,39,Male,Rawalpindi,2025-10-27
C0291,39,Male,Islamabad,2023-01-29
C0292,47,Male,Islamabad,2025-06-25
C0293,55,Female,Multan,2025-11-22
C0294,55,Male,Karachi,2025-05-28
C0295,25,Female,Rawalpindi,2023-03-20
C0296,44,Male,Multan,2025-08-04
C0297,44,Male,Faisalabad,2024-04-03
C0298,51,Male,Karachi,2024-07-23
C0299,38,Male,Karachi,2025-01-07
C0300,47,Female,Faisalabad,2024-05-30
C0301,50,Female,Islamabad,2026-01-27
C0302,45,Male,Multan,2024-02-01
C0303,50,Male,Lahore,2023-02-08
C0304,22,Female,Rawalpindi,2025-06-05
C0305,36,Female,Lahore,2025-03-07
C0306,21,Female,Faisalabad,2023-06-06
C0307,52,Female,Karachi,2026-01-03
C0308,34,Male,Karachi,2025-06-02
C0309,45,Female,Rawalpindi,2026-02-27
C0310,47,Male,Karachi,2025-08-31
C0311,46,Female,Karachi,2026-01-12
C0312,23,Female,Rawalpindi,2025-11-11
C0313,52,Female,Multan,2025-04-28
C0314,58,Female,Multan,2025-01-17
C0315,54,Female,Rawalpindi,2025-09-15
C0316,41,Male,Faisalabad,2023-01-21
C0317,46,Male,Karachi,2023-10-30
C0318,48,Female,Karachi,2025-05-18
C0319,52,Female,Faisalabad,2023-03-25
C0320,50,Male,Multan,2024-07-23
C0321,38,Female,Islamabad,2025-07-22
C0322,49,Female,Islamabad,2026-03-31
C0323,40,Male,Islamabad,2026-04-01
C0324,50,Female,Multan,2025-10-05
C0325,20,Female,Multan,2025-03-03
C0326,35,Male,Faisalabad,2025-03-02
C0327,42,Male,Karachi,2024-05-06
C0328,59,Male,Faisalabad,2023-07-27
C0329,48,Female,Faisalabad,2025-12-19
C0330,20,Male,Multan,2024-03-05
C0331,57,Male,Islamabad,2025-09-11
C0332,41,Male,Lahore,2024-06-03
C0333,49,Male,Karachi,2024-08-13
C0334,39,Male,Multan,2025-11-16
C0335,40,Male,Islamabad,2023-07-18
C0336,19,Female,Lahore,2024-01-22
C0337,44,Female,Lahore,2023-12-15
C0338,59,Male,Multan,2025-08-17
C0339,19,Male,Rawalpindi,2024-11-23
C0340,43,Male,Karachi,2024-01-13
C0341,34,Female,Lahore,2025-06-17
C0342,57,Female,Multan,2025-07-04
C0343,50,Female,Multan,2024-06-10
C0344,26,Female,Islamabad,2026-03-22
C0345,60,Female,Rawalpindi,2025-01-03
C0346,56,Female,Karachi,2023-07-25
C0347,46,Female,Faisalabad,2024-03-30
C0348,59,Female,Islamabad,2026-06-13
C0349,43,Female,Lahore,2024-06-04
C0350,52,Male,Lahore,2025-10-13
C0351,42,Male,Islamabad,2025-08-13
C0352,41,Male,Multan,2024-12-26
C0353,30,Male,Lahore,2025-10-10
C0354,24,Female,Rawalpindi,2024-05-15
C0355,53,Female,Karachi,2023-04-27
C0356,37,Male,Rawalpindi,2024-01-21
C0357,18,Female,Lahore,2024-08-06
C0358,25,Male,Faisalabad,2024-01-30
C0359,33,Female,Karachi,2025-12-23
C0360,31,Male,Karachi,2024-12-21
C0361,29,Female,Islamabad,2023-03-13
C0362,40,Female,Islamabad,2023-10-01
C0363,32,Male,Faisalabad,2023-12-04
C0364,45,Female,Multan,2024-08-29
C0365,51,Male,Karachi,2023-06-15
C0366,19,Male,Faisalabad,2023-01-11
C0367,49,Male,Islamabad,2024-12-29
C0368,40,Male,Islamabad,2025-03-11
C0369,39,Female,Karachi,2023-04-12
C0370,42,Female,Rawalpindi,2025-02-17
C0371,39,Female,Lahore,2023-08-02
C0372,39,Male,Islamabad,2026-01-16
C0373,59,Female,Multan,2024-02-05
C0374,23,Male,Multan,2024-08-10
C0375,32,Female,Islamabad,2025-06-07
C0376,60,Female,Rawalpindi,2025-12-05
C0377,54,Female,Rawalpindi,2024-08-14
C0378,50,Male,Faisalabad,2026-01-14
C0379,25,Female,Multan,2023-04-02
C0380,22,Female,Faisalabad,2024-11-03
C0381,56,Male,Multan,2024-12-14
C0382,21,Female,Lahore,2025-07-24
C0383,23,Male,Lahore,2023-08-30
C0384,49,Female,Karachi,2023-01-02
C0385,47,Male,Faisalabad,2023-08-13
C0386,52,Male,Islamabad,2025-03-11
C0387,57,Female,Faisalabad,2024-08-11
C0388,33,Male,Islamabad,2023-04-26
C0389,30,Male,Rawalpindi,2025-07-06
C0390,59,Male,Faisalabad,2026-01-31
C0391,47,Male,Rawalpindi,2023-07-13
C0392,36,Male,Lahore,2026-04-04
C0393,34,Male,Lahore,2025-05-20
C0394,36,Female,Karachi,2023-03-31
C0395,45,Male,Faisalabad,2023-05-02
C0396,43,Male,Rawalpindi,2023-05-23
C0397,54,Female,Islamabad,2025-09-20
C0398,43,Female,Lahore,2023-04-16
C0399,40,Female,Lahore,2025-06-05
C0400,26,Female,Islamabad,2024-03-03
C0401,29,Female,Rawalpindi,2023-11-13
C0402,18,Female,Rawalpindi,2024-09-26
C0403,18,Female,Faisalabad,2023-01-09
C0404,51,Male,Faisalabad,2025-02-12
C0405,49,Male,Multan,2026-01-01
C0406,42,Female,Multan,2023-08-11
C0407,57,Male,Karachi,2024-07-06
C0408,18,Male,Lahore,2024-12-16
C0409,33,Male,Faisalabad,2026-01-12
C0410,56,Female,Rawalpindi,2023-04-21
C0411,22,Female,Islamabad,2023-09-08
C0412,39,Male,Rawalpindi,2024-01-18
C0413,46,Female,Lahore,2023-01-07
C0414,20,Male,Multan,2024-04-03
C0415,29,Male,Rawalpindi,2026-01-12
C0416,43,Male,Karachi,2023-07-27
C0417,33,Male,Lahore,2025-06-18
C0418,54,Female,Multan,2023-01-22
C0419,39,Female,Islamabad,2024-02-14
C0420,46,Female,Multan,2025-06-13
C0421,31,Male,Karachi,2024-05-29
C0422,45,Female,Lahore,2026-02-24
C0423,22,Male,Islamabad,2025-03-19
C0424,47,Female,Karachi,2025-05-23
C0425,22,Male,Multan,2023-01-14
C0426,29,Male,Karachi,2025-08-28
C0427,33,Male,Lahore,2025-09-04
C0428,43,Female,Faisalabad,2025-10-10
C0429,43,Female,Karachi,2025-11-01
C0430,38,Female,Karachi,2023-03-28
C0431,56,Female,Multan,2025-06-27
C0432,53,Male,Multan,2026-06-20
C0433,50,Female,Islamabad,2023-05-02
C0434,47,Female,Multan,2026-03-16
C0435,54,Male,Rawalpindi,2025-01-19
C0436,40,Male,Lahore,2024-11-15
C0437,27,Male,Lahore,2023-11-05
C0438,22,Female,Faisalabad,2024-11-25
C0439,53,Male,Faisalabad,2023-10-15
C0440,51,Male,Lahore,2023-11-03
C0441,48,Male,Faisalabad,2025-07-02
C0442,27,Female,Islamabad,2024-10-23
C0443,36,Male,Multan,2024-07-02
C0444,49,Female,Lahore,2023-11-08
C0445,18,Female,Faisalabad,2025-05-22
C0446,22,Male,Lahore,2025-12-18
C0447,21,Male,Rawalpindi,2025-07-12
C0448,33,Female,Karachi,2025-01-24
C0449,41,Male,Multan,2023-02-04
C0450,33,Male,Lahore,2024-03-20
C0451,19,Female,Karachi,2023-04-03
C0452,45,Female,Faisalabad,2026-05-15
C0453,49,Male,Karachi,2023-12-19
C0454,44,Female,Multan,2025-06-21
C0455,37,Male,Lahore,2025-05-11
C0456,41,Male,Rawalpindi,2023-06-08
C0457,29,Male,Faisalabad,2025-08-14
C0458,52,Female,Lahore,2023-01-24
C0459,50,Male,Multan,2024-02-08
C0460,50,Male,Faisalabad,2025-03-15
C0461,60,Male,Islamabad,2024-05-30
C0462,54,Female,Karachi,2025-01-01
C0463,29,Female,Multan,2024-06-15
C0464,20,Female,Islamabad,2025-08-13
C0465,18,Female,Lahore,2023-06-01
C0466,50,Female,Rawalpindi,2025-08-04
C0467,57,Male,Faisalabad,2024-08-30
C0468,27,Female,Karachi,2024-02-24
C0469,60,Female,Faisalabad,2026-06-27
C0470,46,Female,Lahore,2026-02-14
C0471,30,Male,Faisalabad,2025-05-15
C0472,29,Female,Karachi,2024-07-31
C0473,48,Female,Lahore,2023-12-01
C0474,19,Male,Faisalabad,2025-07-20
C0475,52,Female,Rawalpindi,2023-10-22
C0476,40,Male,Multan,2025-01-24
C0477,34,Male,Lahore,2023-07-05
C0478,43,Male,Multan,2026-06-23
C0479,25,Male,Lahore,2024-09-28
C0480,46,Male,Rawalpindi,2026-06-14
C0481,43,Female,Multan,2024-06-13
C0482,27,Male,Islamabad,2023-01-21
C0483,43,Male,Karachi,2025-06-29
C0484,51,Female,Islamabad,2025-05-16
C0485,58,Male,Faisalabad,2025-03-04
C0486,24,Female,Rawalpindi,2023-04-10
C0487,21,Female,Islamabad,2025-01-21
C0488,28,Female,Lahore,2024-04-22
C0489,46,Male,Faisalabad,2025-07-28
C0490,53,Male,Faisalabad,2024-06-09
C0491,42,Male,Islamabad,2023-11-30
C0492,38,Female,Islamabad,2023-01-02
C0493,53,Male,Rawalpindi,2024-01-10
C0494,27,Male,Karachi,2023-10-20
C0495,54,Male,Islamabad,2025-04-16
C0496,26,Female,Islamabad,2025-10-01
C0497,41,Female,Multan,2024-07-06
C0498,52,Male,Lahore,2023-11-14
C0499,52,Male,Multan,2024-01-16
C0500,53,Male,Multan,2023-01-14
