customer_id,age,total_orders,total_items,total_spent,avg_order_value,last_order_date,recency_days,churn,churn_probability,predicted_churn,risk_level
C0001,56,4,11,350946.0,87736.5,2026-06-24,6,0,0.0030364490250056973,0,Low Risk
C0002,46,5,17,395059.35,79011.87,2026-06-11,19,0,0.006382029530464269,0,Low Risk
C0003,32,8,20,540642.8,67580.35,2026-05-26,35,0,0.022100156267478247,0,Low Risk
C0004,60,4,17,182037.7,45509.425,2026-05-21,40,0,0.021650140331585747,0,Low Risk
C0005,25,8,24,553053.0,69131.625,2026-06-06,24,0,0.009275016547730443,0,Low Risk
C0006,38,2,5,209456.0,104728.0,2025-12-22,190,1,0.9989504358130687,1,High Risk
C0007,56,7,20,641557.6,91651.08571428571,2026-03-03,119,1,0.8599354473258187,1,High Risk
C0008,36,10,32,639324.35,63932.435,2026-03-10,112,1,0.7721511350689562,1,High Risk
C0009,40,1,4,127481.6,127481.6,2025-11-03,239,1,0.9999654426073368,1,High Risk
C0010,28,6,13,474066.7,79011.11666666667,2026-02-25,125,1,0.9169631847857758,1,High Risk
C0011,28,4,11,139720.6,34930.15,2025-12-03,209,1,0.9996258778047473,1,High Risk
C0012,41,9,33,659351.25,73261.25,2026-04-16,75,0,0.1910789154109108,0,Low Risk
C0013,53,9,20,711141.0,79015.66666666667,2026-04-11,80,0,0.3389421821428997,0,Low Risk
C0014,57,6,16,396169.0,66028.16666666667,2026-01-03,178,1,0.9971524285556603,1,High Risk
C0015,41,2,4,149490.0,74745.0,2025-08-23,311,1,0.9999996907233555,1,High Risk
C0016,20,6,18,413276.8,68879.46666666666,2026-04-13,78,0,0.27432054171883646,0,Low Risk
C0017,39,9,20,540563.0,60062.555555555555,2026-05-23,38,0,0.029621600788867327,0,Low Risk
C0018,19,1,5,106519.5,106519.5,2025-12-24,188,1,0.9987501108292317,1,High Risk
C0019,41,7,14,325210.95,46458.70714285714,2026-03-28,94,1,0.5791051057374067,1,Medium Risk
C0020,47,7,24,613551.2,87650.17142857143,2026-06-01,29,0,0.011687107422248046,0,Low Risk
C0021,55,10,17,454627.8,45462.78,2026-06-14,16,0,0.008432750055207505,0,Low Risk
C0022,19,7,19,347178.1,49596.87142857142,2026-03-10,112,1,0.8007227890093739,1,High Risk
C0023,38,5,9,160558.3,32111.659999999996,2026-05-01,60,0,0.1124245067659857,0,Low Risk
C0024,50,6,21,309760.5,51626.75,2026-06-04,26,0,0.009360483190054373,0,Low Risk
C0025,29,8,24,534019.85,66752.48125,2026-05-28,33,0,0.0169226750207817,0,Low Risk
C0026,39,3,12,178033.05,59344.35,2026-05-25,36,0,0.018853037945708393,0,Low Risk
C0027,42,2,10,325567.0,162783.5,2025-08-01,333,1,0.9999999414636024,1,High Risk
C0028,44,8,23,583452.2,72931.525,2026-06-03,27,0,0.011526884301891827,0,Low Risk
C0029,59,4,16,430082.35,107520.5875,2026-01-24,157,1,0.9872684196686298,1,High Risk
C0030,45,9,20,516072.75,57341.416666666664,2026-06-12,18,0,0.007754872405171196,0,Low Risk
C0031,33,5,13,368344.3,73668.86,2026-05-29,32,0,0.017585972046281005,0,Low Risk
C0032,32,6,15,351430.95,58571.825000000004,2026-05-01,60,0,0.10757018010002856,0,Low Risk
C0033,20,2,8,64793.4,32396.7,2025-09-10,293,1,0.9999985778528432,1,High Risk
C0034,54,3,11,362618.85,120872.95,2026-01-10,171,1,0.9957858205105652,1,High Risk
C0035,24,7,25,616907.7000000001,88129.67142857144,2026-06-26,4,0,0.002127882642633976,0,Low Risk
C0036,38,4,18,466722.85,116680.7125,2026-06-16,14,0,0.004507468192237543,0,Low Risk
C0037,26,4,14,333176.25,83294.0625,2026-05-11,50,0,0.05261370070116651,0,Low Risk
C0038,56,6,15,257153.40000000002,42858.9,2026-05-01,60,0,0.10367405307084439,0,Low Risk
C0039,35,6,17,287045.19999999995,47840.86666666666,2026-01-19,162,1,0.9912905073146014,1,High Risk
C0040,21,4,8,196326.95,49081.7375,2026-04-24,67,0,0.16588648355781568,0,Low Risk
C0041,42,10,39,679882.35,67988.235,2026-05-21,40,0,0.019218199109831715,0,Low Risk
C0042,31,8,21,656046.2,82005.775,2026-04-23,68,0,0.17008426441324018,0,Low Risk
C0043,26,7,14,282618.35,40374.049999999996,2026-06-30,0,0,0.0023264933436610465,0,Low Risk
C0044,43,5,21,264044.35,52808.869999999995,2026-06-21,9,0,0.0026888191125533896,0,Low Risk
C0045,19,4,18,482527.45,120631.8625,2026-06-04,26,0,0.010427044289744319,0,Low Risk
C0046,37,7,20,487392.30000000005,69627.47142857143,2026-03-02,120,1,0.8689162073305325,1,High Risk
C0047,45,10,27,427147.4,42714.740000000005,2026-06-23,7,0,0.0032924715786101753,0,Low Risk
C0048,24,7,18,311642.65,44520.37857142858,2026-05-20,41,0,0.032017732825462775,0,Low Risk
C0049,25,12,32,714416.3,59534.69166666667,2026-06-23,7,0,0.0033394248076026264,0,Low Risk
C0050,52,6,26,690373.25,115062.20833333333,2026-06-23,7,0,0.002342551970090707,0,Low Risk
C0051,31,6,16,467397.75,77899.625,2026-05-10,51,0,0.06073272190911276,0,Low Risk
C0052,34,3,12,292760.25,97586.75,2025-12-31,181,1,0.997640450713707,1,High Risk
C0053,53,6,21,430883.8,71813.96666666666,2026-04-09,82,0,0.30306026863142005,0,Low Risk
C0054,57,7,19,586076.2,83725.17142857143,2025-12-12,200,1,0.999359803455424,1,High Risk
C0055,21,6,19,489776.6,81629.43333333333,2026-06-15,15,0,0.0050808971275702304,0,Low Risk
C0056,19,3,13,342673.6,114224.53333333333,2026-06-15,15,0,0.005471618302084842,0,Low Risk
C0057,23,7,26,447556.95,63936.70714285714,2026-06-04,26,0,0.00902650248421693,0,Low Risk
C0058,59,4,8,271407.75,67851.9375,2026-05-21,40,0,0.03121745190100665,0,Low Risk
C0059,21,11,24,474831.8,43166.527272727275,2026-06-12,18,0,0.008791940208464912,0,Low Risk
C0060,46,4,13,273326.95,68331.7375,2026-05-26,35,0,0.019157834008465022,0,Low Risk
C0061,35,6,12,339529.9,56588.31666666667,2026-02-26,124,1,0.9117594803413321,1,High Risk
C0062,43,6,20,356822.1,59470.35,2026-02-07,143,1,0.965925131140463,1,High Risk
C0063,51,6,25,833109.4,138851.56666666668,2026-06-19,11,0,0.00327539076281763,0,Low Risk
C0064,27,3,10,154251.15,51417.049999999996,2026-03-25,97,1,0.5618675347543376,1,Medium Risk
C0065,53,8,28,786711.8500000001,98338.98125000001,2026-04-28,63,0,0.1001671716958214,0,Low Risk
C0066,31,7,26,502751.4,71821.62857142858,2026-06-05,25,0,0.008402875840077128,0,Low Risk
C0067,48,6,13,261957.65000000002,43659.60833333334,2026-03-10,112,1,0.8110587328985174,1,High Risk
C0068,32,9,25,576227.1,64025.23333333333,2026-06-17,13,0,0.004673282994529794,0,Low Risk
C0069,25,7,19,495413.8,70773.4,2026-06-25,5,0,0.002782380312703578,0,Low Risk
C0070,31,9,29,539882.65,59986.961111111115,2026-03-06,116,1,0.81886356028056,1,High Risk
C0071,40,2,9,286676.0,143338.0,2025-11-22,220,1,0.9998667384209339,1,High Risk
C0072,57,5,8,131375.55,26275.109999999997,2026-05-17,44,0,0.04114482590506912,0,Low Risk
C0073,38,8,19,488567.7,61070.9625,2026-06-01,29,0,0.015273454404677334,0,Low Risk
C0074,33,6,11,383472.45,63912.075000000004,2025-09-27,276,1,0.9999969981229156,1,High Risk
C0075,35,8,26,646680.5499999999,80835.06874999999,2025-10-05,268,1,0.9999927669587523,1,High Risk
C0076,41,7,16,402361.6,57480.22857142857,2026-05-21,40,0,0.03174350695550099,0,Low Risk
C0077,43,2,4,45389.15,22694.575,2026-04-14,77,0,0.24086683201498232,0,Low Risk
C0078,42,5,14,379458.7,75891.74,2026-06-06,24,0,0.009895014725210819,0,Low Risk
C0079,58,8,23,360345.5,45043.1875,2026-06-12,18,0,0.006264882548168626,0,Low Risk
C0080,46,2,4,83741.2,41870.6,2026-04-16,75,0,0.23071508483201833,0,Low Risk
C0081,32,5,15,469798.9,93959.78,2025-09-28,275,1,0.9999961658326035,1,High Risk
C0082,18,8,26,478792.0,59849.0,2026-06-27,3,0,0.0021103377613606736,0,Low Risk
C0083,42,7,19,458831.95,65547.42142857143,2026-03-21,101,1,0.6520170324224259,1,Medium Risk
C0084,24,11,31,674281.4,61298.30909090909,2026-04-25,66,0,0.14720582092588497,0,Low Risk
C0085,26,3,8,232709.35,77569.78333333334,2026-06-07,23,0,0.0097540454027447,0,Low Risk
C0086,41,9,28,725674.5,80630.5,2026-05-12,49,0,0.04542705815937184,0,Low Risk
C0087,18,5,17,419157.55,83831.51,2026-04-22,69,0,0.1662729753322559,0,Low Risk
C0088,25,4,14,251038.75,62759.6875,2025-09-04,299,1,0.9999991559201454,1,High Risk
C0089,41,5,12,239679.25,47935.85,2026-06-26,4,0,0.0025986108379852982,0,Low Risk
C0090,28,8,22,303739.6,37967.45,2026-05-01,60,0,0.10478771804481993,0,Low Risk
C0091,34,5,17,407810.0,81562.0,2026-04-06,85,0,0.36730393883653795,0,Low Risk
C0092,25,6,18,534142.3,89023.71666666667,2026-02-06,144,1,0.9716485735299661,1,High Risk
C0093,52,7,24,536211.5,76601.64285714286,2026-03-03,119,1,0.8419643985391597,1,High Risk
C0094,52,3,6,133134.40000000002,44378.13333333334,2026-04-09,82,0,0.3362337892097384,0,Low Risk
C0095,50,3,12,394321.0,131440.33333333334,2026-01-15,166,1,0.9941255140765078,1,High Risk
C0096,22,4,10,211134.25,52783.5625,2026-04-13,78,0,0.28342484704936016,0,Low Risk
C0097,59,4,14,283524.3,70881.075,2026-02-02,148,1,0.9760587347237324,1,High Risk
C0098,56,6,20,496932.5,82822.08333333333,2026-03-21,101,1,0.6234742643074913,1,Medium Risk
C0099,58,6,15,224847.8,37474.63333333333,2026-03-28,94,1,0.5365701024851217,1,Medium Risk
C0100,45,8,26,587111.15,73388.89375,2026-06-25,5,0,0.0023452639397228718,0,Low Risk
C0101,24,11,38,808140.45,73467.31363636363,2026-04-21,70,0,0.14663001084956234,0,Low Risk
C0102,26,9,26,710773.1,78974.78888888888,2026-02-03,147,1,0.9759704396196728,1,High Risk
C0103,25,4,11,144561.25,36140.3125,2026-01-16,165,1,0.9926438179044399,1,High Risk
C0104,29,9,26,527238.45,58582.049999999996,2026-04-20,71,0,0.19104739985318867,0,Low Risk
C0105,51,4,9,232117.4,58029.35,2025-12-14,198,1,0.9992932501483753,1,High Risk
C0106,50,5,19,586898.85,117379.76999999999,2026-01-21,160,1,0.989458513779267,1,High Risk
C0107,40,6,15,347917.0,57986.166666666664,2026-01-31,150,1,0.9819378368195112,1,High Risk
C0108,41,8,26,473030.45,59128.80625,2026-05-07,54,0,0.0622534575819001,0,Low Risk
C0109,54,12,34,1023765.1,85313.75833333333,2026-04-24,67,0,0.14123390373561806,0,Low Risk
C0110,52,3,4,84793.85,28264.61666666667,2026-04-16,75,0,0.24173139807155986,0,Low Risk
C0111,57,8,27,859394.05,107424.25625,2026-05-31,30,0,0.011991865003628952,0,Low Risk
C0112,39,6,21,349939.4,58323.23333333334,2026-06-05,25,0,0.008910733807368933,0,Low Risk
C0113,44,10,36,667487.15,66748.715,2026-04-24,67,0,0.1200894603937593,0,Low Risk
C0114,52,6,13,429731.1,71621.84999999999,2026-06-07,23,0,0.010300465208560235,0,Low Risk
C0115,18,2,6,134193.5,67096.75,2026-04-04,87,0,0.4198854192512451,0,Medium Risk
C0116,52,10,22,481216.2,48121.62,2026-04-24,67,0,0.18606786465711683,0,Low Risk
C0117,54,8,27,674324.5,84290.5625,2026-04-28,63,0,0.103734499962616,0,Low Risk
C0118,31,9,27,462198.6,51355.399999999994,2026-06-22,8,0,0.0031553266484125593,0,Low Risk
C0119,20,7,18,341938.85,48848.40714285714,2026-04-24,67,0,0.16308436093713136,0,Low Risk
C0120,18,6,20,536014.15,89335.69166666667,2026-06-26,4,0,0.002357093487693569,0,Low Risk
C0121,22,5,17,539058.25,107811.65,2026-06-29,1,0,0.002040376781475186,0,Low Risk
C0122,43,4,11,277591.7,69397.925,2026-01-19,162,1,0.9916350316217457,1,High Risk
C0123,31,2,4,60532.6,30266.3,2025-04-24,432,1,0.9999999999008862,1,High Risk
C0124,56,9,34,881724.8,97969.42222222223,2026-06-25,5,0,0.001870257535971241,0,Low Risk
C0125,44,7,18,335409.5,47915.642857142855,2026-03-19,103,1,0.6877315721632605,1,Medium Risk
C0126,26,8,22,577453.85,72181.73125,2026-06-26,4,0,0.002564501689474602,0,Low Risk
C0127,32,8,26,532866.8,66608.35,2026-06-06,24,0,0.00860789202479783,0,Low Risk
C0128,32,7,19,550725.1,78675.01428571428,2026-05-10,51,0,0.05968764599382675,0,Low Risk
C0129,43,6,19,491873.55,81978.925,2026-05-19,42,0,0.030428528580843366,0,Low Risk
C0130,59,6,19,422133.5,70355.58333333333,2026-04-22,69,0,0.16051147992769257,0,Low Risk
C0131,30,3,7,185423.75,61807.916666666664,2026-05-03,58,0,0.09407736457855546,0,Low Risk
C0132,49,6,15,392364.7,65394.11666666667,2026-04-12,79,0,0.30329211893245506,0,Low Risk
C0133,56,5,16,240160.8,48032.159999999996,2026-05-12,49,0,0.045497816412169496,0,Low Risk
C0134,49,6,16,487895.3,81315.88333333333,2026-06-30,0,0,0.001986761746604072,0,Low Risk
C0135,21,3,11,288686.0,96228.66666666667,2025-11-13,229,1,0.9999133032969988,1,High Risk
C0136,47,7,22,687416.15,98202.30714285714,2026-02-19,131,1,0.9290518587762826,1,High Risk
C0137,54,6,17,402407.05,67067.84166666666,2026-05-17,44,0,0.03612711593834857,0,Low Risk
C0138,40,9,27,591648.05,65738.67222222223,2026-06-20,10,0,0.0035250960073343633,0,Low Risk
C0139,56,8,25,533018.65,66627.33125,2026-05-30,31,0,0.01395128722677778,0,Low Risk
C0140,32,4,14,437044.3,109261.075,2026-05-12,49,0,0.05249892474077599,0,Low Risk
C0141,60,9,38,994456.05,110495.11666666667,2026-05-01,60,0,0.06313193616113055,0,Low Risk
C0142,46,6,16,579442.9,96573.81666666667,2026-06-02,28,0,0.013461911842863633,0,Low Risk
C0143,53,7,24,717540.35,102505.76428571428,2026-02-03,147,1,0.9730555218487972,1,High Risk
C0144,30,4,9,191069.95,47767.4875,2025-07-20,345,1,0.9999999674721225,1,High Risk
C0145,49,4,10,291994.25,72998.5625,2026-01-17,164,1,0.9929691435965757,1,High Risk
C0146,24,6,22,599311.25,99885.20833333333,2026-01-31,150,1,0.978476703230028,1,High Risk
C0147,39,10,29,736181.95,73618.19499999999,2026-03-28,94,1,0.5199125464397438,1,Medium Risk
C0148,45,8,21,518488.8,64811.1,2026-05-25,36,0,0.02258005652750363,0,Low Risk
C0149,19,13,39,1031281.7999999999,79329.36923076923,2026-06-25,5,0,0.0023384346167783098,0,Low Risk
C0150,59,6,16,426949.8,71158.3,2026-03-29,93,1,0.5207258094912751,1,Medium Risk
C0151,23,4,7,221720.0,55430.0,2025-12-23,189,1,0.9988080101933526,1,High Risk
C0152,45,6,22,791604.85,131934.14166666666,2026-05-13,48,0,0.04309562429500381,0,Low Risk
C0153,45,5,16,544709.15,108941.83,2026-06-12,18,0,0.006553748416703445,0,Low Risk
C0154,37,14,39,1005171.0499999999,71797.93214285714,2026-05-31,30,0,0.01407008566087739,0,Low Risk
C0155,47,5,17,281125.15,56225.030000000006,2026-03-12,110,1,0.7491388707512158,1,High Risk
C0156,28,9,23,581798.6,64644.288888888885,2026-06-17,13,0,0.0050239714294968724,0,Low Risk
C0157,45,6,15,365202.95,60867.15833333333,2026-06-24,6,0,0.003027198132506235,0,Low Risk
C0158,42,8,17,448351.95,56043.99375,2026-03-01,121,1,0.8963385856445737,1,High Risk
C0159,56,2,9,252255.0,126127.5,2026-03-25,97,1,0.6154879640767047,1,Medium Risk
C0160,50,10,26,592050.6,59205.06,2026-05-30,31,0,0.016588345023777155,0,Low Risk
C0161,18,8,23,511809.45,63976.18125,2026-06-22,8,0,0.003282691030534631,0,Low Risk
C0162,44,10,29,763298.55,76329.85500000001,2026-06-21,9,0,0.0033020030907899294,0,Low Risk
C0163,30,7,26,775702.6,110814.65714285713,2026-06-19,11,0,0.0033164267007483456,0,Low Risk
C0164,58,10,33,868359.85,86835.985,2026-03-19,103,1,0.6246206070311249,1,Medium Risk
C0165,20,4,12,282484.2,70621.05,2026-06-26,4,0,0.0025272344448095353,0,Low Risk
C0166,56,5,14,202062.09999999998,40412.42,2026-06-13,17,0,0.005681924574188989,0,Low Risk
C0167,23,7,10,294791.7,42113.1,2026-03-08,114,1,0.8621709436863328,1,High Risk
C0168,25,4,13,330408.65,82602.1625,2026-04-08,83,0,0.3513830216097329,0,Low Risk
C0169,44,8,25,682657.65,85332.20625,2026-05-15,46,0,0.037917715190113915,0,Low Risk
C0170,26,3,8,312340.3,104113.43333333333,2026-02-19,131,1,0.9435827368227548,1,High Risk
C0171,54,4,10,214918.65000000002,53729.662500000006,2026-06-27,3,0,0.002341293044181586,0,Low Risk
C0172,50,4,7,179677.65,44919.4125,2026-03-28,94,1,0.5540513254545079,1,Medium Risk
C0173,59,10,28,700517.8,70051.78,2026-05-07,54,0,0.06803489833904694,0,Low Risk
C0174,41,5,19,496244.95,99248.99,2025-11-30,212,1,0.9996811284232597,1,High Risk
C0175,32,8,21,554710.3,69338.7875,2026-05-31,30,0,0.015288107428920908,0,Low Risk
C0176,49,4,8,232945.84999999998,58236.462499999994,2026-05-11,50,0,0.05884915916092262,0,Low Risk
C0177,49,5,18,325652.2,65130.44,2026-03-20,102,1,0.6296889568439187,1,Medium Risk
C0178,41,7,19,454872.0,64981.71428571428,2026-06-08,22,0,0.008636112605356749,0,Low Risk
C0179,58,5,15,433542.2,86708.44,2026-05-02,59,0,0.09496861558487756,0,Low Risk
C0180,29,2,3,97534.75,48767.375,2025-03-16,471,1,0.9999999999937779,1,High Risk
C0181,56,7,22,353651.8,50521.68571428571,2026-04-17,74,0,0.20885001191851854,0,Low Risk
C0182,19,4,16,280619.65,70154.9125,2026-04-19,72,0,0.18332401103153922,0,Low Risk
C0183,20,10,29,801604.3,80160.43000000001,2026-06-18,12,0,0.004107779827134037,0,Low Risk
C0184,54,6,19,642111.55,107018.59166666667,2026-06-06,24,0,0.009323349748528578,0,Low Risk
C0185,34,1,3,107562.6,107562.6,2025-07-22,343,1,0.9999999688312836,1,High Risk
C0186,19,5,11,254904.05,50980.81,2026-05-25,36,0,0.02382707268407112,0,Low Risk
C0187,19,3,13,376693.2,125564.40000000001,2026-03-18,104,1,0.7086791192779499,1,High Risk
C0188,45,13,40,741090.25,57006.942307692305,2026-06-20,10,0,0.003400611136160022,0,Low Risk
C0189,40,6,20,508543.45,84757.24166666667,2026-03-22,100,1,0.6115035552004654,1,Medium Risk
C0190,54,7,18,288272.0,41181.71428571428,2026-04-17,74,0,0.23244609706035885,0,Low Risk
C0191,49,8,24,560587.4,70073.425,2026-02-16,134,1,0.9418976800107979,1,High Risk
C0192,50,8,24,519067.60000000003,64883.450000000004,2026-02-06,144,1,0.9697222113489773,1,High Risk
C0193,18,3,12,302475.8,100825.26666666666,2025-08-17,317,1,0.9999997780702548,1,High Risk
C0194,36,4,12,353933.1,88483.275,2026-06-30,0,0,0.0019931730495810194,0,Low Risk
C0195,19,3,9,198755.0,66251.66666666667,2026-03-25,97,1,0.5850034209733017,1,Medium Risk
C0196,43,9,30,642433.95,71381.54999999999,2026-06-29,1,0,0.0017092001056971545,0,Low Risk
C0197,49,3,14,313035.2,104345.06666666667,2025-12-05,207,1,0.9995715553882494,1,High Risk
C0198,23,6,21,346754.2,57792.36666666667,2026-05-11,50,0,0.04754997674913802,0,Low Risk
C0199,49,3,6,204017.6,68005.86666666667,2026-04-29,62,0,0.12411820926683169,0,Low Risk
C0200,21,3,12,260183.55,86727.84999999999,2026-03-11,111,1,0.7792112553988478,1,High Risk
C0201,28,7,14,539059.2,77008.45714285714,2026-04-11,80,0,0.352524793007565,0,Low Risk
C0202,34,7,24,664984.7,94997.81428571428,2025-12-29,183,1,0.9976459090961727,1,High Risk
C0203,55,6,14,358294.3,59715.71666666667,2026-06-03,27,0,0.012804498550495818,0,Low Risk
C0204,41,5,16,396987.5,79397.5,2026-04-15,76,0,0.24383512460001158,0,Low Risk
C0205,22,3,14,151435.2,50478.4,2026-05-30,31,0,0.012407206396771382,0,Low Risk
C0206,51,5,9,213556.05,42711.21,2026-04-15,76,0,0.27496492288656005,0,Low Risk
C0207,23,2,8,224978.75,112489.375,2026-01-16,165,1,0.9939483558012046,1,High Risk
C0208,39,4,12,223036.95,55759.2375,2026-01-28,153,1,0.9836137588742094,1,High Risk
C0209,28,4,13,389557.7,97389.425,2026-06-09,21,0,0.008236015989482983,0,Low Risk
C0210,33,7,26,661540.55,94505.79285714286,2026-04-25,66,0,0.1218190783435847,0,Low Risk
C0211,50,5,17,359647.5,71929.5,2026-05-24,37,0,0.021007910033547784,0,Low Risk
C0212,26,2,4,60534.6,30267.3,2026-05-27,34,0,0.017579441508354512,0,Low Risk
C0213,23,10,26,661494.0,66149.4,2026-06-05,25,0,0.011225419233757899,0,Low Risk
C0214,33,11,35,864626.95,78602.45,2026-05-18,43,0,0.028889557254037933,0,Low Risk
C0215,46,6,15,315978.7,52663.11666666667,2025-12-31,181,1,0.99774339465225,1,High Risk
C0216,20,9,29,630620.7000000001,70068.96666666667,2026-02-28,122,1,0.8716347554361781,1,High Risk
C0217,37,5,15,482317.85,96463.56999999999,2026-04-19,72,0,0.2089018698406935,0,Low Risk
C0218,53,7,18,391812.4,55973.200000000004,2026-04-14,77,0,0.2722035824402143,0,Low Risk
C0219,36,6,21,578456.0,96409.33333333333,2026-06-05,25,0,0.009347006650958856,0,Low Risk
C0220,43,4,15,310485.95,77621.4875,2026-01-22,159,1,0.988508263732028,1,High Risk
C0221,20,6,18,490474.8,81745.8,2026-06-17,13,0,0.004599221836445698,0,Low Risk
C0222,36,5,18,430335.6,86067.12,2026-04-23,68,0,0.15089726685097896,0,Low Risk
C0223,37,5,13,262708.35,52541.67,2026-03-18,104,1,0.6958252508223877,1,Medium Risk
C0224,49,5,16,483719.1,96743.81999999999,2026-06-06,24,0,0.009556432765602406,0,Low Risk
C0225,24,4,14,158307.15,39576.7875,2026-04-11,80,0,0.27507592038012824,0,Low Risk
C0226,58,6,17,416269.9,69378.31666666667,2026-06-08,22,0,0.008319151559914015,0,Low Risk
C0227,50,8,25,757113.55,94639.19375,2026-06-06,24,0,0.008674988884235358,0,Low Risk
C0228,57,8,24,386204.15,48275.51875,2026-02-20,130,1,0.9251224117648316,1,High Risk
C0229,56,5,20,469646.75,93929.35,2026-01-17,164,1,0.9912262566024718,1,High Risk
C0230,35,5,20,427831.4,85566.28,2025-08-14,320,1,0.9999997818110872,1,High Risk
C0231,57,5,13,254926.15,50985.229999999996,2026-06-09,21,0,0.007860130274496826,0,Low Risk
C0232,18,7,20,438844.8,62692.114285714284,2026-05-11,50,0,0.054504088697251665,0,Low Risk
C0233,28,7,20,577950.4,82564.34285714287,2026-03-30,92,1,0.50032967460702,1,Medium Risk
C0234,45,3,9,194998.3,64999.43333333333,2025-12-20,192,1,0.9988584785637756,1,High Risk
C0235,42,5,17,296148.8,59229.759999999995,2026-04-16,75,0,0.21835870046351427,0,Low Risk
C0236,40,3,5,151493.6,50497.86666666667,2026-05-08,53,0,0.07015027422763737,0,Low Risk
C0237,48,6,20,520830.5,86805.08333333333,2026-06-28,2,0,0.0019950059200485467,0,Low Risk
C0238,47,3,12,154026.65,51342.21666666667,2026-06-17,13,0,0.0038659598288536983,0,Low Risk
C0239,59,4,10,84110.45,21027.6125,2026-01-16,165,1,0.9923568417862623,1,High Risk
C0240,52,4,10,191160.3,47790.075,2026-06-18,12,0,0.004247475108431339,0,Low Risk
C0241,24,7,25,721679.15,103097.02142857143,2026-02-14,136,1,0.9443443183245172,1,High Risk
C0242,33,7,15,274667.2,39238.17142857143,2026-03-29,93,1,0.5549697194825928,1,Medium Risk
C0243,43,3,7,164897.4,54965.799999999996,2026-05-17,44,0,0.03721599754941928,0,Low Risk
C0244,19,3,13,303444.4,101148.13333333335,2026-06-06,24,0,0.009595720150265807,0,Low Risk
C0245,18,5,13,314159.4,62831.880000000005,2026-05-29,32,0,0.017460670657285883,0,Low Risk
C0246,29,4,18,438765.0,109691.25,2026-05-19,42,0,0.029188779452997613,0,Low Risk
C0247,22,6,24,606568.3,101094.71666666667,2026-02-17,133,1,0.9305112060179559,1,High Risk
C0248,54,11,31,898569.2,81688.10909090909,2026-05-11,50,0,0.05080344153841032,0,Low Risk
C0249,49,4,15,324869.45,81217.3625,2026-05-08,53,0,0.06015193214260029,0,Low Risk
C0250,26,5,16,242077.0,48415.4,2026-04-22,69,0,0.16047458178448246,0,Low Risk
C0251,58,5,19,436569.9,87313.98000000001,2026-05-28,33,0,0.015360487718964286,0,Low Risk
C0252,52,7,26,319017.3,45573.9,2026-06-05,25,0,0.008151639429648269,0,Low Risk
C0253,36,2,5,55175.600000000006,27587.800000000003,2025-08-27,307,1,0.9999994875744403,1,High Risk
C0254,33,7,17,262184.3,37454.9,2026-02-09,141,1,0.9681457660266748,1,High Risk
C0255,20,5,19,442930.35,88586.06999999999,2026-03-15,107,1,0.712883189760694,1,High Risk
C0256,37,7,22,287627.1,41089.58571428571,2026-06-16,14,0,0.004506198216159,0,Low Risk
C0257,41,3,8,237540.0,79180.0,2026-06-04,26,0,0.011836339112340399,0,Low Risk
C0258,50,9,32,733138.4,81459.82222222222,2026-04-22,69,0,0.13777044033767302,0,Low Risk
C0259,41,5,11,261901.69999999998,52380.34,2026-06-28,2,0,0.002369784544288479,0,Low Risk
C0260,28,13,41,904421.3,69570.86923076924,2026-06-17,13,0,0.003877679696590719,0,Low Risk
C0261,25,4,16,322046.4,80511.6,2026-05-10,51,0,0.05219794829383381,0,Low Risk
C0262,53,7,19,507275.85,72467.97857142857,2026-03-14,108,1,0.7495957208712241,1,High Risk
C0263,55,4,16,411773.55,102943.3875,2026-06-10,20,0,0.006871155433298068,0,Low Risk
C0264,57,9,30,547530.35,60836.705555555556,2026-01-02,179,1,0.9967707961412039,1,High Risk
C0265,37,5,10,299004.95,59800.990000000005,2025-12-02,210,1,0.9997124867865912,1,High Risk
C0266,52,8,23,387101.25,48387.65625,2026-04-09,82,0,0.329533612817908,0,Low Risk
C0267,42,6,14,362776.35,60462.725,2026-06-22,8,0,0.003597439187898651,0,Low Risk
C0268,52,8,27,836205.35,104525.66875,2026-02-07,143,1,0.9636632958860433,1,High Risk
C0269,42,5,17,430493.6,86098.72,2026-04-01,90,0,0.4495762531429497,0,Medium Risk
C0270,46,5,12,148726.55,29745.309999999998,2026-04-19,72,0,0.20311957767015779,0,Low Risk
C0271,35,6,19,431591.75,71931.95833333333,2026-03-03,119,1,0.8544328462536641,1,High Risk
C0272,35,6,19,417935.2,69655.86666666667,2026-05-05,56,0,0.07469473880296143,0,Low Risk
C0273,19,8,27,613952.3,76744.0375,2026-05-17,44,0,0.03189797614068532,0,Low Risk
C0274,52,5,14,430043.0,86008.6,2026-04-17,74,0,0.2322962718293179,0,Low Risk
C0275,33,6,21,434317.75,72386.29166666667,2026-06-22,8,0,0.0028857116543954753,0,Low Risk
C0276,58,3,11,307507.6,102502.53333333333,2026-03-13,109,1,0.7650911268879362,1,High Risk
C0277,53,8,24,690129.6,86266.2,2026-03-22,100,1,0.6140105084289346,1,Medium Risk
C0278,50,7,16,470700.69999999995,67242.95714285714,2026-04-18,73,0,0.23535909524893228,0,Low Risk
C0279,21,6,12,198120.80000000002,33020.13333333334,2026-03-18,104,1,0.7232002506866732,1,High Risk
C0280,50,7,25,781706.1,111672.3,2026-05-17,44,0,0.030911824152627075,0,Low Risk
C0281,31,6,18,517341.0,86223.5,2026-01-17,164,1,0.9924997224136279,1,High Risk
C0282,38,4,13,180017.9,45004.475,2026-06-30,0,0,0.0017055600591080497,0,Low Risk
C0283,37,10,26,620447.5,62044.75,2026-06-25,5,0,0.0028903267718571714,0,Low Risk
C0284,25,6,17,204291.85,34048.64166666667,2025-11-30,212,1,0.999704741018924,1,High Risk
C0285,24,4,8,221968.25,55492.0625,2026-03-14,108,1,0.7663109226407552,1,High Risk
C0286,20,5,20,381348.35,76269.67,2025-10-10,263,1,0.9999894338176969,1,High Risk
C0287,34,4,17,440370.69999999995,110092.67499999999,2026-03-29,93,1,0.4986840393693492,0,Medium Risk
C0288,50,9,27,680141.85,75571.31666666667,2026-02-07,143,1,0.9670320027940242,1,High Risk
C0289,29,5,18,475784.9,95156.98000000001,2026-02-16,134,1,0.9418421672024764,1,High Risk
C0290,39,8,22,585281.1,73160.1375,2025-12-22,190,1,0.9987350298048738,1,High Risk
C0291,39,5,21,622242.8,124448.56000000001,2026-05-25,36,0,0.01916736496523919,0,Low Risk
C0292,47,5,10,233706.09999999998,46741.219999999994,2026-02-13,137,1,0.9591086515759053,1,High Risk
C0293,55,3,12,205373.0,68457.66666666667,2026-05-26,35,0,0.01793436159798925,0,Low Risk
C0294,55,7,26,476240.15,68034.30714285714,2026-05-19,42,0,0.025608759807996873,0,Low Risk
C0295,25,6,17,457911.35,76318.55833333333,2026-06-09,21,0,0.008085107339741318,0,Low Risk
C0296,44,1,1,39182.4,39182.4,2025-02-14,501,1,0.9999999999991036,1,High Risk
C0297,44,2,7,119870.4,59935.2,2025-04-25,431,1,0.9999999998950619,1,High Risk
C0298,51,2,3,28365.4,14182.7,2026-02-24,126,1,0.897948760311185,1,High Risk
C0299,38,1,4,175924.8,175924.8,2026-03-25,97,1,0.7037324406716752,1,High Risk
C0300,47,3,8,197058.1,65686.03333333334,2026-06-30,0,0,0.001934900965568314,0,Low Risk
C0301,50,7,21,299646.65,42806.66428571429,2026-05-23,38,0,0.02314620744852306,0,Low Risk
C0302,45,8,32,831705.95,103963.24375,2026-06-27,3,0,0.001643905163489852,0,Low Risk
C0303,50,8,29,570793.5,71349.1875,2026-06-12,18,0,0.005079246824763824,0,Low Risk
C0304,22,3,4,132820.9,44273.63333333333,2025-10-11,262,1,0.9999913395392093,1,High Risk
C0305,36,6,22,589589.4,98264.90000000001,2026-06-20,10,0,0.0032824425714381546,0,Low Risk
C0306,21,3,7,95347.7,31782.566666666666,2025-04-16,440,1,0.9999999999443867,1,High Risk
C0307,52,7,24,610775.7,87253.67142857143,2026-03-18,104,1,0.658674905990004,1,Medium Risk
C0308,34,8,26,699198.7,87399.8375,2026-06-14,16,0,0.00496785314115219,0,Low Risk
C0309,45,4,13,318855.0,79713.75,2026-05-26,35,0,0.01977233052541241,0,Low Risk
C0310,47,9,28,777766.9,86418.54444444444,2026-06-23,7,0,0.0026961368441679287,0,Low Risk
C0311,46,5,15,434590.75,86918.15,2026-01-14,167,1,0.9939456152500716,1,High Risk
C0312,23,4,17,450121.5,112530.375,2025-12-08,204,1,0.9994790804095173,1,High Risk
C0313,52,12,39,802003.85,66833.65416666666,2026-04-15,76,0,0.21394727120849794,0,Low Risk
C0314,58,9,32,869160.6,96573.4,2026-06-17,13,0,0.0034481789702083053,0,Low Risk
C0315,54,5,15,376197.5,75239.5,2026-06-16,14,0,0.004805780835857615,0,Low Risk
C0316,41,6,19,325135.05,54189.174999999996,2025-12-09,203,1,0.9994216450458636,1,High Risk
C0317,46,2,5,156157.2,78078.6,2025-11-01,241,1,0.9999629818848914,1,High Risk
C0318,48,4,9,114221.29999999999,28555.324999999997,2026-03-26,96,1,0.5597910249372998,1,Medium Risk
C0319,52,4,16,470008.3,117502.075,2026-06-24,6,0,0.0027795444008483603,0,Low Risk
C0320,50,9,24,474690.5,52743.38888888889,2026-06-04,26,0,0.011584212397384193,0,Low Risk
C0321,38,10,31,627587.8,62758.780000000006,2026-06-28,2,0,0.001977488303952698,0,Low Risk
C0322,49,4,14,237891.55,59472.8875,2026-06-03,27,0,0.0105434515197308,0,Low Risk
C0323,40,7,22,427209.35,61029.90714285714,2026-05-21,40,0,0.025972811869107527,0,Low Risk
C0324,50,7,26,678798.5,96971.21428571429,2026-04-07,84,0,0.31728224692873436,0,Low Risk
C0325,20,9,25,801385.05,89042.78333333334,2026-04-30,61,0,0.10768810490457227,0,Low Risk
C0326,35,5,22,405398.75,81079.75,2025-12-21,191,1,0.9984804391200705,1,High Risk
C0327,42,5,16,438785.9,87757.18000000001,2026-06-29,1,0,0.001993235077399871,0,Low Risk
C0328,59,5,9,242914.75,48582.95,2026-05-19,42,0,0.036354500583895326,0,Low Risk
C0329,48,5,17,339211.0,67842.2,2026-04-29,62,0,0.10452959844541723,0,Low Risk
C0330,20,3,10,149799.4,49933.13333333333,2025-10-25,248,1,0.999972944701535,1,High Risk
C0331,57,6,22,294973.3,49162.21666666667,2026-06-12,18,0,0.00521927087678011,0,Low Risk
C0332,41,5,22,445923.2,89184.64,2026-01-27,154,1,0.9816978982611192,1,High Risk
C0333,49,5,20,558939.55,111787.91,2025-05-29,397,1,0.9999999988825061,1,High Risk
C0334,39,5,16,365716.4,73143.28,2026-05-05,56,0,0.0757078436708863,0,Low Risk
C0335,40,2,7,141626.25,70813.125,2025-08-08,326,1,0.999999874192696,1,High Risk
C0336,19,7,19,364851.25,52121.607142857145,2026-06-20,10,0,0.0038963627894791106,0,Low Risk
C0337,44,8,38,896576.2,112072.025,2026-06-29,1,0,0.0011625074300283108,0,Low Risk
C0338,59,8,22,560320.1,70040.0125,2025-11-11,231,1,0.9999206594290488,1,High Risk
C0339,19,4,11,233603.05,58400.7625,2026-05-07,54,0,0.07069572044883825,0,Low Risk
C0340,43,5,17,593368.7,118673.73999999999,2026-05-18,43,0,0.03438944387130631,0,Low Risk
C0341,34,7,17,430685.89999999997,61526.557142857135,2026-04-02,89,0,0.47189218645465675,0,Medium Risk
C0342,57,7,18,575230.55,82175.79285714286,2026-06-04,26,0,0.01161053740358133,0,Low Risk
C0343,50,9,30,798433.25,88714.80555555556,2026-06-15,15,0,0.004302051530863914,0,Low Risk
C0344,26,6,9,179563.9,29927.316666666666,2026-06-29,1,0,0.0026064367255513366,0,Low Risk
C0345,60,4,12,112847.5,28211.875,2026-02-17,133,1,0.9333610446582842,1,High Risk
C0346,56,2,4,55520.2,27760.1,2025-07-06,359,1,0.9999999853197437,1,High Risk
C0347,46,5,16,318885.65,63777.130000000005,2025-06-10,385,1,0.9999999975903762,1,High Risk
C0348,59,3,9,191907.95,63969.31666666667,2026-06-01,29,0,0.013047970463263198,0,Low Risk
C0349,43,6,20,325499.9,54249.98333333334,2026-05-22,39,0,0.02335368963010879,0,Low Risk
C0350,52,5,15,353974.45,70794.89,2026-06-13,17,0,0.005846743398117072,0,Low Risk
C0351,42,4,14,434331.15,108582.7875,2026-04-12,79,0,0.296426839917184,0,Low Risk
C0352,41,6,22,559273.3999999999,93212.23333333332,2026-06-24,6,0,0.0024761225757906286,0,Low Risk
C0353,30,5,13,320867.3,64173.46,2026-02-05,145,1,0.9745395883807086,1,High Risk
C0354,24,11,43,1083121.05,98465.55,2026-03-14,108,1,0.6413318070313602,1,Medium Risk
C0355,53,5,12,181183.85,36236.770000000004,2026-04-28,63,0,0.12210347740213769,0,Low Risk
C0356,37,5,17,427521.8,85504.36,2026-04-27,64,0,0.12273494419934709,0,Low Risk
C0357,18,7,27,488156.65,69736.66428571429,2026-01-29,152,1,0.9789863388404882,1,High Risk
C0358,25,4,14,208522.8,52130.7,2026-02-14,136,1,0.946462230711519,1,High Risk
C0359,33,6,26,706387.65,117731.27500000001,2026-05-01,60,0,0.08096282742128712,0,Low Risk
C0360,31,6,24,442114.95,73685.825,2025-12-28,184,1,0.9975793002983546,1,High Risk
C0361,29,8,30,933118.1,116639.7625,2026-06-08,22,0,0.006451286658030537,0,Low Risk
C0362,40,6,20,611981.0,101996.83333333333,2026-02-21,129,1,0.9202762785067385,1,High Risk
C0363,32,4,12,223518.45,55879.6125,2025-12-10,202,1,0.9994092522147179,1,High Risk
C0364,45,9,23,615555.25,68395.02777777778,2026-04-07,84,0,0.3820316331027554,0,Low Risk
C0365,51,7,22,417665.10000000003,59666.442857142865,2026-05-15,46,0,0.038151550877440446,0,Low Risk
C0366,19,5,15,313333.9,62666.780000000006,2026-05-13,48,0,0.046834523504905155,0,Low Risk
C0367,49,4,12,260513.45,65128.3625,2026-05-24,37,0,0.02239024364430762,0,Low Risk
C0368,40,5,13,296147.8,59229.56,2026-06-29,1,0,0.0020956011673922497,0,Low Risk
C0369,39,9,30,624833.3,69425.92222222223,2026-04-12,79,0,0.2572539000240758,0,Low Risk
C0370,42,5,21,667263.9,133452.78,2025-12-09,203,1,0.9994102357536314,1,High Risk
C0371,39,6,13,247713.1,41285.51666666667,2026-01-20,161,1,0.9917916142627139,1,High Risk
C0372,39,4,15,293550.5,73387.625,2026-03-16,106,1,0.6990672499077271,1,Medium Risk
C0373,59,1,1,44290.0,44290.0,2025-04-02,454,1,0.99999999997836,1,High Risk
C0374,23,5,9,260302.55000000002,52060.51,2026-06-09,21,0,0.009333855380580925,0,Low Risk
C0375,32,6,23,364925.95,60820.99166666667,2026-06-20,10,0,0.0030437353297758257,0,Low Risk
C0376,60,10,32,623146.8,62314.68000000001,2026-05-27,34,0,0.016259847837186925,0,Low Risk
C0377,54,6,22,505459.35,84243.22499999999,2026-05-13,48,0,0.040480803329677094,0,Low Risk
C0378,50,6,24,813543.65,135590.60833333334,2026-06-18,12,0,0.0036181783462666344,0,Low Risk
C0379,25,9,29,496757.1,55195.23333333333,2026-05-26,35,0,0.018199459798802612,0,Low Risk
C0380,22,8,19,440761.8,55095.225,2026-06-27,3,0,0.0026860251675381473,0,Low Risk
C0381,56,5,13,363737.7,72747.54000000001,2026-04-09,82,0,0.34378913149646706,0,Low Risk
C0382,21,6,17,328602.95,54767.15833333333,2026-03-04,118,1,0.8537254146209238,1,High Risk
C0383,23,4,14,486349.8,121587.45,2025-10-09,264,1,0.9999922559288883,1,High Risk
C0384,49,6,16,384319.4,64053.23333333334,2026-05-06,55,0,0.07585641956910685,0,Low Risk
C0385,47,4,10,329085.35,82271.3375,2026-03-27,95,1,0.5710052505576337,1,Medium Risk
C0386,52,3,9,244646.0,81548.66666666667,2026-06-21,9,0,0.0036208394112599816,0,Low Risk
C0387,57,9,33,910419.1,101157.67777777778,2026-04-15,76,0,0.19438482789411207,0,Low Risk
C0388,33,4,15,377930.45,94482.6125,2026-05-18,43,0,0.03301006790697647,0,Low Risk
C0389,30,4,9,230832.8,57708.2,2026-06-13,17,0,0.006467440017552772,0,Low Risk
C0390,59,8,25,612562.05,76570.25625,2026-06-24,6,0,0.002561857486004487,0,Low Risk
C0391,47,7,25,265994.0,37999.142857142855,2026-06-16,14,0,0.004017999907969459,0,Low Risk
C0392,36,6,18,318059.4,53009.9,2026-02-19,131,1,0.9306739227280997,1,High Risk
C0393,34,8,21,469788.35,58723.54375,2026-05-26,35,0,0.021387422398922707,0,Low Risk
C0394,36,5,15,294712.8,58942.56,2026-01-11,170,1,0.9948272606605267,1,High Risk
C0395,45,6,16,326600.3,54433.38333333333,2026-01-19,162,1,0.991573501991063,1,High Risk
C0396,43,2,7,258917.1,129458.55,2025-08-17,317,1,0.9999998192084283,1,High Risk
C0397,54,8,21,524518.6,65564.825,2026-05-29,32,0,0.01714847732067435,0,Low Risk
C0398,43,4,15,558627.35,139656.8375,2026-05-12,49,0,0.05443881444078115,0,Low Risk
C0399,40,10,29,589702.15,58970.215000000004,2026-06-19,11,0,0.00392313457315318,0,Low Risk
C0400,26,8,21,385296.75,48162.09375,2026-06-18,12,0,0.004605240850592548,0,Low Risk
C0401,29,10,31,727817.3,72781.73000000001,2026-03-25,97,1,0.5560132784641183,1,Medium Risk
C0402,18,3,7,83402.95,27800.983333333334,2025-11-20,222,1,0.9998459494572981,1,High Risk
C0403,18,10,27,577964.1,57796.409999999996,2026-05-07,54,0,0.07443163575605106,0,Low Risk
C0404,51,5,13,422045.7,84409.14,2026-05-09,52,0,0.06545477609436484,0,Low Risk
C0405,49,13,44,1107003.25,85154.09615384616,2026-05-28,33,0,0.01238208920943696,0,Low Risk
C0406,42,6,16,522640.75,87106.79166666667,2026-02-01,149,1,0.9806540585523519,1,High Risk
C0407,57,5,19,748489.75,149697.95,2026-02-26,124,1,0.8957662766330444,1,High Risk
C0408,18,6,23,444402.65,74067.10833333334,2026-06-11,19,0,0.005761827158551783,0,Low Risk
C0409,33,8,28,536284.9,67035.6125,2026-05-19,42,0,0.026772448572899947,0,Low Risk
C0410,56,2,6,195872.30000000002,97936.15000000001,2026-01-23,158,1,0.9900630931017972,1,High Risk
C0411,22,7,22,581295.1,83042.15714285713,2026-06-27,3,0,0.0022062824324172144,0,Low Risk
C0412,39,9,36,776476.45,86275.16111111111,2026-05-25,36,0,0.014595756859311223,0,Low Risk
C0413,46,6,22,503614.0,83935.66666666667,2025-12-17,195,1,0.9989279001843027,1,High Risk
C0414,20,7,21,406410.85,58058.69285714285,2026-06-14,16,0,0.0054647324372029795,0,Low Risk
C0415,29,5,13,168572.3,33714.46,2026-05-24,37,0,0.02280133304250799,0,Low Risk
C0416,43,4,9,213913.9,53478.475,2026-06-09,21,0,0.008274177335446489,0,Low Risk
C0417,33,9,22,710074.55,78897.17222222223,2026-03-28,94,1,0.5580296576004794,1,Medium Risk
C0418,54,7,19,372192.6,53170.37142857142,2026-04-12,79,0,0.29226410601293545,0,Low Risk
C0419,39,9,24,618506.35,68722.92777777778,2026-05-23,38,0,0.025621539666493758,0,Low Risk
C0420,46,6,13,495118.44999999995,82519.74166666665,2026-03-03,119,1,0.8787991501498139,1,High Risk
C0421,31,9,30,792032.2,88003.57777777777,2026-06-25,5,0,0.0022251725943956777,0,Low Risk
C0422,45,6,18,521767.25,86961.20833333333,2026-01-19,162,1,0.9913116346789187,1,High Risk
C0423,22,6,16,475679.2,79279.86666666667,2026-03-12,110,1,0.7830077813122261,1,High Risk
C0424,47,9,31,777608.75,86400.97222222222,2026-06-27,3,0,0.001851880941128945,0,Low Risk
C0425,22,12,43,992270.7,82689.22499999999,2026-06-28,2,0,0.001502304815017025,0,Low Risk
C0426,29,6,17,343707.0,57284.5,2026-06-13,17,0,0.006011481398814316,0,Low Risk
C0427,33,5,16,482997.8,96599.56,2026-05-14,47,0,0.044689779582019605,0,Low Risk
C0428,43,9,29,834033.5,92670.38888888889,2026-06-07,23,0,0.007664349370086513,0,Low Risk
C0429,43,5,18,452487.7,90497.54000000001,2026-02-06,144,1,0.9690018566171994,1,High Risk
C0430,38,4,9,97762.0,24440.5,2026-06-21,9,0,0.003410999791202139,0,Low Risk
C0431,56,9,27,608769.3,67641.03333333334,2026-06-27,3,0,0.0021557400926818637,0,Low Risk
C0432,53,8,24,395118.3,49389.7875,2026-04-03,88,0,0.41618696264370214,0,Medium Risk
C0433,50,5,16,311875.1,62375.02,2026-04-21,70,0,0.17055261998403626,0,Low Risk
C0434,47,5,11,161421.45,32284.29,2025-11-22,220,1,0.9998392524969082,1,High Risk
C0435,54,10,34,1001985.75,100198.575,2026-04-02,89,0,0.37767785395994585,0,Low Risk
C0436,40,7,26,752299.5,107471.35714285714,2026-05-21,40,0,0.023103294848308805,0,Low Risk
C0437,27,6,19,588412.65,98068.77500000001,2026-06-21,9,0,0.0034320027116928288,0,Low Risk
C0438,22,6,17,421106.5,70184.41666666667,2026-05-27,34,0,0.019262248474602946,0,Low Risk
C0439,53,4,14,478919.8,119729.95,2026-03-17,105,1,0.7158251271351691,1,High Risk
C0440,51,4,13,294414.9,73603.725,2026-06-30,0,0,0.0018223618472111174,0,Low Risk
C0441,48,7,28,752529.75,107504.25,2026-06-22,8,0,0.0024789032237708835,0,Low Risk
C0442,27,5,20,656697.0,131339.4,2026-06-14,16,0,0.005296116714236772,0,Low Risk
C0443,36,7,21,571543.55,81649.07857142857,2026-05-01,60,0,0.09820813751905332,0,Low Risk
C0444,49,6,20,452181.25,75363.54166666667,2026-04-13,78,0,0.25693938700501257,0,Low Risk
C0445,18,4,15,418734.4,104683.6,2026-04-04,87,0,0.41497609664363483,0,Medium Risk
C0446,22,6,17,596810.85,99468.47499999999,2025-08-14,320,1,0.9999998238378212,1,High Risk
C0447,21,5,13,388806.55,77761.31,2025-11-19,223,1,0.9998745897975052,1,High Risk
C0448,33,2,9,234183.8,117091.9,2026-01-22,159,1,0.9907051490405794,1,High Risk
C0449,41,6,20,456441.19999999995,76073.53333333333,2026-01-24,157,1,0.986850831610134,1,High Risk
C0450,33,8,29,702062.55,87757.81875,2026-06-04,26,0,0.008805733241421462,0,Low Risk
C0451,19,7,22,658585.45,94083.6357142857,2026-06-06,24,0,0.009203735390932263,0,Low Risk
C0452,45,8,25,664279.2,83034.9,2026-05-18,43,0,0.03113537148287213,0,Low Risk
C0453,49,6,17,322559.2,53759.86666666667,2025-07-08,357,1,0.999999984584695,1,High Risk
C0454,44,6,15,321996.25,53666.041666666664,2026-06-11,19,0,0.007240640851094225,0,Low Risk
C0455,37,4,11,244182.85,61045.7125,2026-03-23,99,1,0.616375035139374,1,Medium Risk
C0456,41,9,28,843010.2,93667.79999999999,2026-03-26,96,1,0.5339125991051115,1,Medium Risk
C0457,29,6,22,494117.7,82352.95,2026-04-27,64,0,0.11340069505278072,0,Low Risk
C0458,52,1,5,153112.0,153112.0,2025-03-22,465,1,0.9999999999932683,1,High Risk
C0459,50,5,14,449267.9,89853.58,2026-02-26,124,1,0.9014907550526826,1,High Risk
C0460,50,4,12,337960.39999999997,84490.09999999999,2025-10-22,251,1,0.9999801457676226,1,High Risk
C0461,60,6,22,645506.15,107584.35833333334,2026-03-08,114,1,0.7932123857019181,1,High Risk
C0462,54,8,25,517253.7,64656.7125,2026-06-05,25,0,0.009344972323024017,0,Low Risk
C0463,29,5,20,513651.5,102730.3,2026-03-18,104,1,0.6659723577783161,1,Medium Risk
C0464,20,2,6,156886.2,78443.1,2025-07-27,338,1,0.9999999489711632,1,High Risk
C0465,18,8,23,406303.15,50787.89375,2026-03-04,118,1,0.854284476020811,1,High Risk
C0466,50,8,25,464860.15,58107.51875,2026-05-11,50,0,0.049383620242707094,0,Low Risk
C0467,57,5,13,270218.9,54043.780000000006,2025-12-24,188,1,0.9985335338382191,1,High Risk
C0468,27,10,36,744154.35,74415.435,2026-06-22,8,0,0.0024673656805139434,0,Low Risk
C0469,60,4,16,281461.9,70365.475,2026-06-25,5,0,0.002265606555042134,0,Low Risk
C0470,46,4,10,259079.35,64769.8375,2025-12-22,190,1,0.9987687846083584,1,High Risk
C0471,30,9,24,486157.2,54017.46666666667,2026-04-24,67,0,0.1622902868416793,0,Low Risk
C0472,29,3,9,308773.65,102924.55,2026-02-12,138,1,0.962710898241353,1,High Risk
C0473,48,4,8,272179.5,68044.875,2026-01-31,150,1,0.9829671641873593,1,High Risk
C0474,19,6,21,452412.65,75402.10833333334,2026-02-08,142,1,0.9638481592773203,1,High Risk
C0475,52,8,26,689573.05,86196.63125,2026-05-18,43,0,0.02987744328485082,0,Low Risk
C0476,40,11,33,797033.55,72457.59545454546,2026-06-23,7,0,0.002778102339921412,0,Low Risk
C0477,34,7,28,831936.1,118848.01428571428,2026-06-14,16,0,0.00433954653030215,0,Low Risk
C0478,43,5,9,130814.5,26162.9,2026-06-20,10,0,0.004141866511742182,0,Low Risk
C0479,25,4,16,424643.05,106160.7625,2026-04-03,88,0,0.4224376168197161,0,Medium Risk
C0480,46,6,16,514493.15,85748.85833333334,2026-06-11,19,0,0.00725185113295235,0,Low Risk
C0481,43,6,16,452211.3,75368.55,2026-06-22,8,0,0.0034129724390554693,0,Low Risk
C0482,27,4,9,97727.8,24431.95,2025-11-29,213,1,0.9997266024856276,1,High Risk
C0483,43,12,38,852431.75,71035.97916666667,2026-03-07,115,1,0.7988750022583959,1,High Risk
C0484,51,5,15,517983.7,103596.74,2026-04-09,82,0,0.34283893139556476,0,Low Risk
C0485,58,6,17,383764.95,63960.825000000004,2026-03-02,120,1,0.867195427207449,1,High Risk
C0486,24,6,18,507185.85,84530.97499999999,2026-06-15,15,0,0.005263436479100232,0,Low Risk
C0487,21,4,12,266515.75,66628.9375,2025-11-20,222,1,0.9998542257240767,1,High Risk
C0488,28,7,28,902962.05,128994.57857142857,2026-05-08,53,0,0.05166594141482089,0,Low Risk
C0489,46,8,27,686347.55,85793.44375,2026-06-29,1,0,0.0017173651773488817,0,Low Risk
C0490,53,4,15,331751.8,82937.95,2026-01-31,150,1,0.9791191604530576,1,High Risk
C0491,42,3,10,204330.9,68110.3,2026-03-09,113,1,0.7992228332329064,1,High Risk
C0492,38,6,19,442556.8,73759.46666666666,2025-12-18,194,1,0.9989614890359494,1,High Risk
C0493,53,5,15,364524.55,72904.91,2026-05-19,42,0,0.03128390314174862,0,Low Risk
C0494,27,7,22,591143.6,84449.08571428571,2026-06-22,8,0,0.0030842513425611198,0,Low Risk
C0495,54,6,22,308641.95,51440.325000000004,2026-06-25,5,0,0.002174905484976729,0,Low Risk
C0496,26,4,7,120929.85,30232.4625,2026-02-20,130,1,0.9338325064055959,1,High Risk
C0497,41,3,6,89949.9,29983.3,2025-07-29,336,1,0.99999993511608,1,High Risk
C0498,52,1,5,112826.75,112826.75,2025-04-24,432,1,0.9999999999221121,1,High Risk
C0499,52,8,26,746242.4,93280.3,2026-04-09,82,0,0.303433644917153,0,Low Risk
C0500,53,11,36,806512.05,73319.27727272728,2026-06-24,6,0,0.0023053621735056886,0,Low Risk
