product_id,product_name,category,price
P0001,Smart Watch,Electronics,5260
P0002,Headphones,Home & Kitchen,33279
P0003,Backpack,Fashion,22136
P0004,Laptop Stand,Home & Kitchen,16853
P0005,Mechanical Keyboard,Electronics,12056
P0006,Headphones,Accessories,28098
P0007,Power Bank,Home & Kitchen,12063
P0008,Wireless Mouse,Electronics,47319
P0009,Backpack,Electronics,44290
P0010,Backpack,Fashion,8734
P0011,Mechanical Keyboard,Fashion,26019
P0012,USB-C Cable,Home & Kitchen,27466
P0013,Bluetooth Speaker,Accessories,16673
P0014,Bluetooth Speaker,Electronics,27487
P0015,Wireless Mouse,Home & Kitchen,13678
P0016,Smart Watch,Electronics,39838
P0017,Smart Watch,Electronics,25096
P0018,Laptop Stand,Accessories,33674
P0019,Headphones,Accessories,42474
P0020,Phone Case,Home & Kitchen,4931
P0021,USB-C Cable,Accessories,28264
P0022,Power Bank,Accessories,22127
P0023,Phone Case,Home & Kitchen,39810
P0024,Phone Case,Accessories,9406
P0025,Backpack,Fashion,37414
P0026,Wireless Mouse,Electronics,45314
P0027,Bluetooth Speaker,Electronics,45879
P0028,Laptop Stand,Electronics,13576
P0029,Smart Watch,Electronics,49792
P0030,Wireless Mouse,Home & Kitchen,38150
P0031,Backpack,Electronics,47381
P0032,Power Bank,Electronics,46913
P0033,Laptop Stand,Electronics,6512
P0034,Backpack,Electronics,7651
P0035,Bluetooth Speaker,Fashion,28711
P0036,Bluetooth Speaker,Electronics,27617
P0037,Bluetooth Speaker,Fashion,36878
P0038,Wireless Mouse,Home & Kitchen,43152
P0039,Wireless Mouse,Accessories,7394
P0040,Smart Watch,Electronics,13967
P0041,Smart Watch,Accessories,31510
P0042,Power Bank,Accessories,49757
P0043,Laptop Stand,Home & Kitchen,43141
P0044,Mechanical Keyboard,Accessories,12789
P0045,Mechanical Keyboard,Fashion,45476
P0046,Backpack,Accessories,44096
P0047,Bluetooth Speaker,Accessories,23671
P0048,Laptop Stand,Accessories,35405
P0049,Phone Case,Electronics,21329
P0050,Wireless Mouse,Electronics,34554
P0051,Headphones,Fashion,48978
P0052,USB-C Cable,Fashion,44639
P0053,Power Bank,Electronics,49213
P0054,Bluetooth Speaker,Fashion,30234
P0055,Bluetooth Speaker,Electronics,7552
P0056,Bluetooth Speaker,Home & Kitchen,4154
P0057,Wireless Mouse,Accessories,23986
P0058,Wireless Mouse,Accessories,19243
P0059,USB-C Cable,Fashion,48868
P0060,Phone Case,Electronics,24989
P0061,Laptop Stand,Electronics,9136
P0062,Bluetooth Speaker,Fashion,6941
P0063,Mechanical Keyboard,Electronics,25111
P0064,Smart Watch,Home & Kitchen,42935
P0065,Mechanical Keyboard,Accessories,12649
P0066,Backpack,Fashion,35066
P0067,Mechanical Keyboard,Fashion,42868
P0068,Backpack,Electronics,22175
P0069,Headphones,Fashion,5995
P0070,Smart Watch,Home & Kitchen,43168
P0071,Mechanical Keyboard,Electronics,14173
P0072,Headphones,Electronics,11630
P0073,Power Bank,Electronics,23168
P0074,Laptop Stand,Electronics,15722
P0075,Headphones,Home & Kitchen,24169
P0076,Laptop Stand,Electronics,34568
P0077,Mechanical Keyboard,Fashion,23753
P0078,Phone Case,Home & Kitchen,9935
P0079,Headphones,Accessories,29052
P0080,Smart Watch,Accessories,37884
P0081,Mechanical Keyboard,Fashion,16893
P0082,Bluetooth Speaker,Fashion,11117
P0083,Wireless Mouse,Home & Kitchen,39020
P0084,Headphones,Accessories,10352
P0085,Smart Watch,Accessories,31901
P0086,Power Bank,Accessories,6795
P0087,Bluetooth Speaker,Accessories,36493
P0088,Power Bank,Accessories,34584
P0089,Mechanical Keyboard,Electronics,45605
P0090,Wireless Mouse,Fashion,40075
P0091,Headphones,Electronics,36951
P0092,Headphones,Accessories,7727
P0093,Phone Case,Home & Kitchen,32410
P0094,Phone Case,Home & Kitchen,36541
P0095,Mechanical Keyboard,Accessories,23884
P0096,Mechanical Keyboard,Accessories,645
P0097,Wireless Mouse,Home & Kitchen,38278
P0098,Phone Case,Electronics,16535
P0099,Smart Watch,Electronics,3540
P0100,Smart Watch,Accessories,42922
